{
  "code": 0,
  "data": {
    "today": "2016-12-22",
    "data": [
      {
        "date": "2015-12-24",
        "number": "13",
        "weekday": "\u661f\u671f\u56db"
      },
      {
        "date": "2015-12-26",
        "number": "5",
        "weekday": "\u661f\u671f\u516d"
      },
      {
        "date": "2015-12-27",
        "number": "13",
        "weekday": "\u661f\u671f\u65e5"
      },
      {
        "date": "2015-12-28",
        "number": "4",
        "weekday": "\u661f\u671f\u4e00"
      },
      {
        "date": "2015-12-29",
        "number": "11",
        "weekday": "\u661f\u671f\u4e8c"
      },
      {
        "date": "2015-12-30",
        "number": "5",
        "weekday": "\u661f\u671f\u4e09"
      },
      {
        "date": "2015-12-31",
        "number": "10",
        "weekday": "\u661f\u671f\u56db"
      },
      {
        "date": "2016-01-01",
        "number": "6",
        "weekday": "\u661f\u671f\u4e94"
      },
      {
        "date": "2016-01-02",
        "number": "5",
        "weekday": "\u661f\u671f\u516d"
      },
      {
        "date": "2016-01-03",
        "number": "11",
        "weekday": "\u661f\u671f\u65e5"
      },
      {
        "date": "2016-01-04",
        "number": "5",
        "weekday": "\u661f\u671f\u4e00"
      },
      {
        "date": "2016-01-05",
        "number": "10",
        "weekday": "\u661f\u671f\u4e8c"
      },
      {
        "date": "2016-01-06",
        "number": "4",
        "weekday": "\u661f\u671f\u4e09"
      },
      {
        "date": "2016-01-07",
        "number": "11",
        "weekday": "\u661f\u671f\u56db"
      },
      {
        "date": "2016-01-08",
        "number": "4",
        "weekday": "\u661f\u671f\u4e94"
      },
      {
        "date": "2016-01-09",
        "number": "10",
        "weekday": "\u661f\u671f\u516d"
      },
      {
        "date": "2016-01-10",
        "number": "7",
        "weekday": "\u661f\u671f\u65e5"
      },
      {
        "date": "2016-01-11",
        "number": "9",
        "weekday": "\u661f\u671f\u4e00"
      },
      {
        "date": "2016-01-12",
        "number": "3",
        "weekday": "\u661f\u671f\u4e8c"
      },
      {
        "date": "2016-01-13",
        "number": "8",
        "weekday": "\u661f\u671f\u4e09"
      },
      {
        "date": "2016-01-14",
        "number": "10",
        "weekday": "\u661f\u671f\u56db"
      },
      {
        "date": "2016-01-15",
        "number": "6",
        "weekday": "\u661f\u671f\u4e94"
      },
      {
        "date": "2016-01-16",
        "number": "9",
        "weekday": "\u661f\u671f\u516d"
      },
      {
        "date": "2016-01-17",
        "number": "8",
        "weekday": "\u661f\u671f\u65e5"
      },
      {
        "date": "2016-01-18",
        "number": "5",
        "weekday": "\u661f\u671f\u4e00"
      },
      {
        "date": "2016-01-19",
        "number": "10",
        "weekday": "\u661f\u671f\u4e8c"
      },
      {
        "date": "2016-01-20",
        "number": "4",
        "weekday": "\u661f\u671f\u4e09"
      },
      {
        "date": "2016-01-21",
        "number": "11",
        "weekday": "\u661f\u671f\u56db"
      },
      {
        "date": "2016-01-22",
        "number": "5",
        "weekday": "\u661f\u671f\u4e94"
      },
      {
        "date": "2016-01-23",
        "number": "9",
        "weekday": "\u661f\u671f\u516d"
      },
      {
        "date": "2016-01-24",
        "number": "8",
        "weekday": "\u661f\u671f\u65e5"
      },
      {
        "date": "2016-01-25",
        "number": "4",
        "weekday": "\u661f\u671f\u4e00"
      },
      {
        "date": "2016-01-26",
        "number": "9",
        "weekday": "\u661f\u671f\u4e8c"
      },
      {
        "date": "2016-01-27",
        "number": "8",
        "weekday": "\u661f\u671f\u4e09"
      },
      {
        "date": "2016-01-28",
        "number": "8",
        "weekday": "\u661f\u671f\u56db"
      },
      {
        "date": "2016-01-29",
        "number": "6",
        "weekday": "\u661f\u671f\u4e94"
      },
      {
        "date": "2016-01-30",
        "number": "9",
        "weekday": "\u661f\u671f\u516d"
      },
      {
        "date": "2016-01-31",
        "number": "7",
        "weekday": "\u661f\u671f\u65e5"
      },
      {
        "date": "2016-02-01",
        "number": "7",
        "weekday": "\u661f\u671f\u4e00"
      },
      {
        "date": "2016-02-02",
        "number": "9",
        "weekday": "\u661f\u671f\u4e8c"
      },
      {
        "date": "2016-02-03",
        "number": "5",
        "weekday": "\u661f\u671f\u4e09"
      },
      {
        "date": "2016-02-04",
        "number": "11",
        "weekday": "\u661f\u671f\u56db"
      },
      {
        "date": "2016-02-05",
        "number": "4",
        "weekday": "\u661f\u671f\u4e94"
      },
      {
        "date": "2016-02-06",
        "number": "10",
        "weekday": "\u661f\u671f\u516d"
      },
      {
        "date": "2016-02-07",
        "number": "10",
        "weekday": "\u661f\u671f\u65e5"
      },
      {
        "date": "2016-02-08",
        "number": "4",
        "weekday": "\u661f\u671f\u4e00"
      },
      {
        "date": "2016-02-09",
        "number": "10",
        "weekday": "\u661f\u671f\u4e8c"
      },
      {
        "date": "2016-02-10",
        "number": "5",
        "weekday": "\u661f\u671f\u4e09"
      },
      {
        "date": "2016-02-11",
        "number": "12",
        "weekday": "\u661f\u671f\u56db"
      },
      {
        "date": "2016-02-12",
        "number": "2",
        "weekday": "\u661f\u671f\u4e94"
      },
      {
        "date": "2016-02-13",
        "number": "2",
        "weekday": "\u661f\u671f\u516d"
      },
      {
        "date": "2016-02-15",
        "number": "1",
        "weekday": "\u661f\u671f\u4e00"
      },
      {
        "date": "2016-02-19",
        "number": "3",
        "weekday": "\u661f\u671f\u4e94"
      },
      {
        "date": "2016-02-20",
        "number": "14",
        "weekday": "\u661f\u671f\u516d"
      },
      {
        "date": "2016-02-21",
        "number": "4",
        "weekday": "\u661f\u671f\u65e5"
      },
      {
        "date": "2016-02-22",
        "number": "10",
        "weekday": "\u661f\u671f\u4e00"
      },
      {
        "date": "2016-02-23",
        "number": "7",
        "weekday": "\u661f\u671f\u4e8c"
      },
      {
        "date": "2016-02-24",
        "number": "5",
        "weekday": "\u661f\u671f\u4e09"
      },
      {
        "date": "2016-02-25",
        "number": "10",
        "weekday": "\u661f\u671f\u56db"
      },
      {
        "date": "2016-02-26",
        "number": "6",
        "weekday": "\u661f\u671f\u4e94"
      },
      {
        "date": "2016-02-27",
        "number": "8",
        "weekday": "\u661f\u671f\u516d"
      },
      {
        "date": "2016-02-28",
        "number": "8",
        "weekday": "\u661f\u671f\u65e5"
      },
      {
        "date": "2016-02-29",
        "number": "7",
        "weekday": "\u661f\u671f\u4e00"
      },
      {
        "date": "2016-03-01",
        "number": "7",
        "weekday": "\u661f\u671f\u4e8c"
      },
      {
        "date": "2016-03-02",
        "number": "6",
        "weekday": "\u661f\u671f\u4e09"
      },
      {
        "date": "2016-03-03",
        "number": "11",
        "weekday": "\u661f\u671f\u56db"
      },
      {
        "date": "2016-03-04",
        "number": "4",
        "weekday": "\u661f\u671f\u4e94"
      },
      {
        "date": "2016-03-05",
        "number": "10",
        "weekday": "\u661f\u671f\u516d"
      },
      {
        "date": "2016-03-06",
        "number": "8",
        "weekday": "\u661f\u671f\u65e5"
      },
      {
        "date": "2016-03-07",
        "number": "7",
        "weekday": "\u661f\u671f\u4e00"
      },
      {
        "date": "2016-03-08",
        "number": "7",
        "weekday": "\u661f\u671f\u4e8c"
      },
      {
        "date": "2016-03-09",
        "number": "6",
        "weekday": "\u661f\u671f\u4e09"
      },
      {
        "date": "2016-03-10",
        "number": "9",
        "weekday": "\u661f\u671f\u56db"
      },
      {
        "date": "2016-03-11",
        "number": "4",
        "weekday": "\u661f\u671f\u4e94"
      },
      {
        "date": "2016-03-12",
        "number": "10",
        "weekday": "\u661f\u671f\u516d"
      },
      {
        "date": "2016-03-13",
        "number": "10",
        "weekday": "\u661f\u671f\u65e5"
      },
      {
        "date": "2016-03-14",
        "number": "5",
        "weekday": "\u661f\u671f\u4e00"
      },
      {
        "date": "2016-03-15",
        "number": "9",
        "weekday": "\u661f\u671f\u4e8c"
      },
      {
        "date": "2016-03-16",
        "number": "6",
        "weekday": "\u661f\u671f\u4e09"
      },
      {
        "date": "2016-03-17",
        "number": "9",
        "weekday": "\u661f\u671f\u56db"
      },
      {
        "date": "2016-03-18",
        "number": "8",
        "weekday": "\u661f\u671f\u4e94"
      },
      {
        "date": "2016-03-19",
        "number": "8",
        "weekday": "\u661f\u671f\u516d"
      },
      {
        "date": "2016-03-20",
        "number": "9",
        "weekday": "\u661f\u671f\u65e5"
      },
      {
        "date": "2016-03-21",
        "number": "6",
        "weekday": "\u661f\u671f\u4e00"
      },
      {
        "date": "2016-03-22",
        "number": "9",
        "weekday": "\u661f\u671f\u4e8c"
      },
      {
        "date": "2016-03-23",
        "number": "4",
        "weekday": "\u661f\u671f\u4e09"
      },
      {
        "date": "2016-03-24",
        "number": "12",
        "weekday": "\u661f\u671f\u56db"
      },
      {
        "date": "2016-03-25",
        "number": "5",
        "weekday": "\u661f\u671f\u4e94"
      },
      {
        "date": "2016-03-26",
        "number": "9",
        "weekday": "\u661f\u671f\u516d"
      },
      {
        "date": "2016-03-27",
        "number": "10",
        "weekday": "\u661f\u671f\u65e5"
      },
      {
        "date": "2016-03-28",
        "number": "5",
        "weekday": "\u661f\u671f\u4e00"
      },
      {
        "date": "2016-03-29",
        "number": "10",
        "weekday": "\u661f\u671f\u4e8c"
      },
      {
        "date": "2016-03-30",
        "number": "6",
        "weekday": "\u661f\u671f\u4e09"
      },
      {
        "date": "2016-03-31",
        "number": "9",
        "weekday": "\u661f\u671f\u56db"
      },
      {
        "date": "2016-04-01",
        "number": "6",
        "weekday": "\u661f\u671f\u4e94"
      },
      {
        "date": "2016-04-02",
        "number": "10",
        "weekday": "\u661f\u671f\u516d"
      },
      {
        "date": "2016-04-03",
        "number": "5",
        "weekday": "\u661f\u671f\u65e5"
      },
      {
        "date": "2016-04-04",
        "number": "11",
        "weekday": "\u661f\u671f\u4e00"
      },
      {
        "date": "2016-04-06",
        "number": "11",
        "weekday": "\u661f\u671f\u4e09"
      },
      {
        "date": "2016-04-07",
        "number": "8",
        "weekday": "\u661f\u671f\u56db"
      },
      {
        "date": "2016-04-08",
        "number": "5",
        "weekday": "\u661f\u671f\u4e94"
      },
      {
        "date": "2016-04-09",
        "number": "10",
        "weekday": "\u661f\u671f\u516d"
      },
      {
        "date": "2016-04-10",
        "number": "6",
        "weekday": "\u661f\u671f\u65e5"
      },
      {
        "date": "2016-04-11",
        "number": "9",
        "weekday": "\u661f\u671f\u4e00"
      },
      {
        "date": "2016-04-12",
        "number": "9",
        "weekday": "\u661f\u671f\u4e8c"
      },
      {
        "date": "2016-04-13",
        "number": "5",
        "weekday": "\u661f\u671f\u4e09"
      },
      {
        "date": "2016-04-14",
        "number": "14",
        "weekday": "\u661f\u671f\u56db"
      },
      {
        "date": "2016-04-17",
        "number": "4",
        "weekday": "\u661f\u671f\u65e5"
      },
      {
        "date": "2016-04-18",
        "number": "4",
        "weekday": "\u661f\u671f\u4e00"
      },
      {
        "date": "2016-04-19",
        "number": "3",
        "weekday": "\u661f\u671f\u4e8c"
      },
      {
        "date": "2016-04-20",
        "number": "2",
        "weekday": "\u661f\u671f\u4e09"
      },
      {
        "date": "2016-04-21",
        "number": "3",
        "weekday": "\u661f\u671f\u56db"
      },
      {
        "date": "2016-04-22",
        "number": "3",
        "weekday": "\u661f\u671f\u4e94"
      },
      {
        "date": "2016-04-23",
        "number": "3",
        "weekday": "\u661f\u671f\u516d"
      },
      {
        "date": "2016-04-24",
        "number": "4",
        "weekday": "\u661f\u671f\u65e5"
      },
      {
        "date": "2016-04-25",
        "number": "4",
        "weekday": "\u661f\u671f\u4e00"
      },
      {
        "date": "2016-04-26",
        "number": "3",
        "weekday": "\u661f\u671f\u4e8c"
      },
      {
        "date": "2016-04-27",
        "number": "2",
        "weekday": "\u661f\u671f\u4e09"
      },
      {
        "date": "2016-04-28",
        "number": "3",
        "weekday": "\u661f\u671f\u56db"
      },
      {
        "date": "2016-04-29",
        "number": "1",
        "weekday": "\u661f\u671f\u4e94"
      },
      {
        "date": "2016-04-30",
        "number": "3",
        "weekday": "\u661f\u671f\u516d"
      },
      {
        "date": "2016-05-01",
        "number": "1",
        "weekday": "\u661f\u671f\u65e5"
      },
      {
        "date": "2016-05-02",
        "number": "3",
        "weekday": "\u661f\u671f\u4e00"
      },
      {
        "date": "2016-05-03",
        "number": "2",
        "weekday": "\u661f\u671f\u4e8c"
      },
      {
        "date": "2016-05-04",
        "number": "2",
        "weekday": "\u661f\u671f\u4e09"
      },
      {
        "date": "2016-05-05",
        "number": "1",
        "weekday": "\u661f\u671f\u56db"
      },
      {
        "date": "2016-05-06",
        "number": "1",
        "weekday": "\u661f\u671f\u4e94"
      },
      {
        "date": "2016-05-07",
        "number": "2",
        "weekday": "\u661f\u671f\u516d"
      },
      {
        "date": "2016-05-08",
        "number": "2",
        "weekday": "\u661f\u671f\u65e5"
      },
      {
        "date": "2016-05-09",
        "number": "2",
        "weekday": "\u661f\u671f\u4e00"
      },
      {
        "date": "2016-05-10",
        "number": "2",
        "weekday": "\u661f\u671f\u4e8c"
      },
      {
        "date": "2016-05-11",
        "number": "1",
        "weekday": "\u661f\u671f\u4e09"
      },
      {
        "date": "2016-05-12",
        "number": "2",
        "weekday": "\u661f\u671f\u56db"
      },
      {
        "date": "2016-05-13",
        "number": "1",
        "weekday": "\u661f\u671f\u4e94"
      },
      {
        "date": "2016-05-14",
        "number": "1",
        "weekday": "\u661f\u671f\u516d"
      },
      {
        "date": "2016-05-16",
        "number": "1",
        "weekday": "\u661f\u671f\u4e00"
      },
      {
        "date": "2016-05-17",
        "number": "1",
        "weekday": "\u661f\u671f\u4e8c"
      },
      {
        "date": "2016-05-18",
        "number": "1",
        "weekday": "\u661f\u671f\u4e09"
      },
      {
        "date": "2016-05-19",
        "number": "1",
        "weekday": "\u661f\u671f\u56db"
      },
      {
        "date": "2016-05-20",
        "number": "1",
        "weekday": "\u661f\u671f\u4e94"
      },
      {
        "date": "2016-05-22",
        "number": "1",
        "weekday": "\u661f\u671f\u65e5"
      },
      {
        "date": "2016-05-23",
        "number": "1",
        "weekday": "\u661f\u671f\u4e00"
      },
      {
        "date": "2016-05-24",
        "number": "1",
        "weekday": "\u661f\u671f\u4e8c"
      },
      {
        "date": "2016-05-25",
        "number": "1",
        "weekday": "\u661f\u671f\u4e09"
      },
      {
        "date": "2016-05-26",
        "number": "1",
        "weekday": "\u661f\u671f\u56db"
      },
      {
        "date": "2016-05-27",
        "number": "1",
        "weekday": "\u661f\u671f\u4e94"
      },
      {
        "date": "2016-05-28",
        "number": "1",
        "weekday": "\u661f\u671f\u516d"
      },
      {
        "date": "2016-05-29",
        "number": "1",
        "weekday": "\u661f\u671f\u65e5"
      },
      {
        "date": "2016-05-31",
        "number": "1",
        "weekday": "\u661f\u671f\u4e8c"
      },
      {
        "date": "2016-06-03",
        "number": "1",
        "weekday": "\u661f\u671f\u4e94"
      },
      {
        "date": "2016-06-06",
        "number": "1",
        "weekday": "\u661f\u671f\u4e00"
      },
      {
        "date": "2016-06-09",
        "number": "1",
        "weekday": "\u661f\u671f\u56db"
      },
      {
        "date": "2016-06-11",
        "number": "1",
        "weekday": "\u661f\u671f\u516d"
      },
      {
        "date": "2016-06-14",
        "number": "1",
        "weekday": "\u661f\u671f\u4e8c"
      },
      {
        "date": "2016-06-17",
        "number": "1",
        "weekday": "\u661f\u671f\u4e94"
      },
      {
        "date": "2016-06-20",
        "number": "1",
        "weekday": "\u661f\u671f\u4e00"
      },
      {
        "date": "2016-06-21",
        "number": "1",
        "weekday": "\u661f\u671f\u4e8c"
      },
      {
        "date": "2016-06-22",
        "number": "1",
        "weekday": "\u661f\u671f\u4e09"
      },
      {
        "date": "2016-06-23",
        "number": "1",
        "weekday": "\u661f\u671f\u56db"
      },
      {
        "date": "2016-06-27",
        "number": "1",
        "weekday": "\u661f\u671f\u4e00"
      },
      {
        "date": "2016-06-28",
        "number": "1",
        "weekday": "\u661f\u671f\u4e8c"
      },
      {
        "date": "2016-06-29",
        "number": "1",
        "weekday": "\u661f\u671f\u4e09"
      },
      {
        "date": "2016-06-30",
        "number": "1",
        "weekday": "\u661f\u671f\u56db"
      },
      {
        "date": "2016-07-02",
        "number": "2",
        "weekday": "\u661f\u671f\u516d"
      },
      {
        "date": "2016-07-03",
        "number": "3",
        "weekday": "\u661f\u671f\u65e5"
      },
      {
        "date": "2016-07-04",
        "number": "3",
        "weekday": "\u661f\u671f\u4e00"
      },
      {
        "date": "2016-07-05",
        "number": "5",
        "weekday": "\u661f\u671f\u4e8c"
      },
      {
        "date": "2016-07-06",
        "number": "5",
        "weekday": "\u661f\u671f\u4e09"
      },
      {
        "date": "2016-07-07",
        "number": "3",
        "weekday": "\u661f\u671f\u56db"
      },
      {
        "date": "2016-07-08",
        "number": "7",
        "weekday": "\u661f\u671f\u4e94"
      },
      {
        "date": "2016-07-09",
        "number": "9",
        "weekday": "\u661f\u671f\u516d"
      },
      {
        "date": "2016-07-10",
        "number": "8",
        "weekday": "\u661f\u671f\u65e5"
      },
      {
        "date": "2016-07-11",
        "number": "8",
        "weekday": "\u661f\u671f\u4e00"
      },
      {
        "date": "2016-07-12",
        "number": "8",
        "weekday": "\u661f\u671f\u4e8c"
      },
      {
        "date": "2016-07-13",
        "number": "6",
        "weekday": "\u661f\u671f\u4e09"
      },
      {
        "date": "2016-07-14",
        "number": "8",
        "weekday": "\u661f\u671f\u56db"
      },
      {
        "date": "2016-07-15",
        "number": "8",
        "weekday": "\u661f\u671f\u4e94"
      },
      {
        "date": "2016-07-16",
        "number": "8",
        "weekday": "\u661f\u671f\u516d"
      },
      {
        "date": "2016-07-17",
        "number": "4",
        "weekday": "\u661f\u671f\u65e5"
      },
      {
        "date": "2016-07-18",
        "number": "2",
        "weekday": "\u661f\u671f\u4e00"
      },
      {
        "date": "2016-07-19",
        "number": "1",
        "weekday": "\u661f\u671f\u4e8c"
      },
      {
        "date": "2016-07-23",
        "number": "1",
        "weekday": "\u661f\u671f\u516d"
      },
      {
        "date": "2016-07-25",
        "number": "1",
        "weekday": "\u661f\u671f\u4e00"
      },
      {
        "date": "2016-07-26",
        "number": "1",
        "weekday": "\u661f\u671f\u4e8c"
      },
      {
        "date": "2016-07-27",
        "number": "1",
        "weekday": "\u661f\u671f\u4e09"
      },
      {
        "date": "2016-07-28",
        "number": "1",
        "weekday": "\u661f\u671f\u56db"
      },
      {
        "date": "2016-07-30",
        "number": "2",
        "weekday": "\u661f\u671f\u516d"
      },
      {
        "date": "2016-08-01",
        "number": "1",
        "weekday": "\u661f\u671f\u4e00"
      },
      {
        "date": "2016-08-02",
        "number": "1",
        "weekday": "\u661f\u671f\u4e8c"
      },
      {
        "date": "2016-09-02",
        "number": "1",
        "weekday": "\u661f\u671f\u4e94"
      },
      {
        "date": "2016-09-03",
        "number": "1",
        "weekday": "\u661f\u671f\u516d"
      },
      {
        "date": "2016-09-08",
        "number": "1",
        "weekday": "\u661f\u671f\u56db"
      },
      {
        "date": "2016-09-10",
        "number": "3",
        "weekday": "\u661f\u671f\u516d"
      },
      {
        "date": "2016-09-12",
        "number": "1",
        "weekday": "\u661f\u671f\u4e00"
      },
      {
        "date": "2016-09-28",
        "number": "1",
        "weekday": "\u661f\u671f\u4e09"
      },
      {
        "date": "2016-09-30",
        "number": "1",
        "weekday": "\u661f\u671f\u4e94"
      },
      {
        "date": "2016-10-02",
        "number": "2",
        "weekday": "\u661f\u671f\u65e5"
      },
      {
        "date": "2016-10-03",
        "number": "1",
        "weekday": "\u661f\u671f\u4e00"
      },
      {
        "date": "2016-10-04",
        "number": "7",
        "weekday": "\u661f\u671f\u4e8c"
      },
      {
        "date": "2016-10-05",
        "number": "6",
        "weekday": "\u661f\u671f\u4e09"
      },
      {
        "date": "2016-10-06",
        "number": "4",
        "weekday": "\u661f\u671f\u56db"
      },
      {
        "date": "2016-10-07",
        "number": "7",
        "weekday": "\u661f\u671f\u4e94"
      },
      {
        "date": "2016-10-08",
        "number": "2",
        "weekday": "\u661f\u671f\u516d"
      },
      {
        "date": "2016-10-09",
        "number": "8",
        "weekday": "\u661f\u671f\u65e5"
      },
      {
        "date": "2016-10-10",
        "number": "1",
        "weekday": "\u661f\u671f\u4e00"
      },
      {
        "date": "2016-10-11",
        "number": "6",
        "weekday": "\u661f\u671f\u4e8c"
      },
      {
        "date": "2016-10-12",
        "number": "5",
        "weekday": "\u661f\u671f\u4e09"
      },
      {
        "date": "2016-10-13",
        "number": "4",
        "weekday": "\u661f\u671f\u56db"
      },
      {
        "date": "2016-10-14",
        "number": "7",
        "weekday": "\u661f\u671f\u4e94"
      },
      {
        "date": "2016-10-15",
        "number": "6",
        "weekday": "\u661f\u671f\u516d"
      },
      {
        "date": "2016-10-16",
        "number": "7",
        "weekday": "\u661f\u671f\u65e5"
      },
      {
        "date": "2016-10-17",
        "number": "3",
        "weekday": "\u661f\u671f\u4e00"
      },
      {
        "date": "2016-10-18",
        "number": "4",
        "weekday": "\u661f\u671f\u4e8c"
      },
      {
        "date": "2016-10-19",
        "number": "5",
        "weekday": "\u661f\u671f\u4e09"
      },
      {
        "date": "2016-10-20",
        "number": "7",
        "weekday": "\u661f\u671f\u56db"
      },
      {
        "date": "2016-10-21",
        "number": "4",
        "weekday": "\u661f\u671f\u4e94"
      },
      {
        "date": "2016-10-22",
        "number": "7",
        "weekday": "\u661f\u671f\u516d"
      },
      {
        "date": "2016-10-26",
        "number": "3",
        "weekday": "\u661f\u671f\u4e09"
      },
      {
        "date": "2016-10-27",
        "number": "10",
        "weekday": "\u661f\u671f\u56db"
      },
      {
        "date": "2016-10-28",
        "number": "4",
        "weekday": "\u661f\u671f\u4e94"
      },
      {
        "date": "2016-10-29",
        "number": "8",
        "weekday": "\u661f\u671f\u516d"
      },
      {
        "date": "2016-10-30",
        "number": "9",
        "weekday": "\u661f\u671f\u65e5"
      },
      {
        "date": "2016-10-31",
        "number": "7",
        "weekday": "\u661f\u671f\u4e00"
      },
      {
        "date": "2016-11-01",
        "number": "4",
        "weekday": "\u661f\u671f\u4e8c"
      },
      {
        "date": "2016-11-02",
        "number": "9",
        "weekday": "\u661f\u671f\u4e09"
      },
      {
        "date": "2016-11-03",
        "number": "10",
        "weekday": "\u661f\u671f\u56db"
      },
      {
        "date": "2016-11-04",
        "number": "5",
        "weekday": "\u661f\u671f\u4e94"
      },
      {
        "date": "2016-11-05",
        "number": "9",
        "weekday": "\u661f\u671f\u516d"
      },
      {
        "date": "2016-11-06",
        "number": "8",
        "weekday": "\u661f\u671f\u65e5"
      },
      {
        "date": "2016-11-07",
        "number": "6",
        "weekday": "\u661f\u671f\u4e00"
      },
      {
        "date": "2016-11-08",
        "number": "7",
        "weekday": "\u661f\u671f\u4e8c"
      },
      {
        "date": "2016-11-09",
        "number": "6",
        "weekday": "\u661f\u671f\u4e09"
      },
      {
        "date": "2016-11-10",
        "number": "11",
        "weekday": "\u661f\u671f\u56db"
      },
      {
        "date": "2016-11-11",
        "number": "4",
        "weekday": "\u661f\u671f\u4e94"
      },
      {
        "date": "2016-11-12",
        "number": "8",
        "weekday": "\u661f\u671f\u516d"
      },
      {
        "date": "2016-11-13",
        "number": "11",
        "weekday": "\u661f\u671f\u65e5"
      },
      {
        "date": "2016-11-14",
        "number": "5",
        "weekday": "\u661f\u671f\u4e00"
      },
      {
        "date": "2016-11-15",
        "number": "8",
        "weekday": "\u661f\u671f\u4e8c"
      },
      {
        "date": "2016-11-16",
        "number": "5",
        "weekday": "\u661f\u671f\u4e09"
      },
      {
        "date": "2016-11-17",
        "number": "11",
        "weekday": "\u661f\u671f\u56db"
      },
      {
        "date": "2016-11-18",
        "number": "5",
        "weekday": "\u661f\u671f\u4e94"
      },
      {
        "date": "2016-11-19",
        "number": "10",
        "weekday": "\u661f\u671f\u516d"
      },
      {
        "date": "2016-11-20",
        "number": "9",
        "weekday": "\u661f\u671f\u65e5"
      },
      {
        "date": "2016-11-21",
        "number": "6",
        "weekday": "\u661f\u671f\u4e00"
      },
      {
        "date": "2016-11-22",
        "number": "9",
        "weekday": "\u661f\u671f\u4e8c"
      },
      {
        "date": "2016-11-23",
        "number": "4",
        "weekday": "\u661f\u671f\u4e09"
      },
      {
        "date": "2016-11-24",
        "number": "13",
        "weekday": "\u661f\u671f\u56db"
      },
      {
        "date": "2016-11-26",
        "number": "15",
        "weekday": "\u661f\u671f\u516d"
      },
      {
        "date": "2016-11-27",
        "number": "5",
        "weekday": "\u661f\u671f\u65e5"
      },
      {
        "date": "2016-11-28",
        "number": "8",
        "weekday": "\u661f\u671f\u4e00"
      },
      {
        "date": "2016-11-29",
        "number": "7",
        "weekday": "\u661f\u671f\u4e8c"
      },
      {
        "date": "2016-11-30",
        "number": "6",
        "weekday": "\u661f\u671f\u4e09"
      },
      {
        "date": "2016-12-01",
        "number": "9",
        "weekday": "\u661f\u671f\u56db"
      },
      {
        "date": "2016-12-02",
        "number": "6",
        "weekday": "\u661f\u671f\u4e94"
      },
      {
        "date": "2016-12-03",
        "number": "9",
        "weekday": "\u661f\u671f\u516d"
      },
      {
        "date": "2016-12-04",
        "number": "9",
        "weekday": "\u661f\u671f\u65e5"
      },
      {
        "date": "2016-12-05",
        "number": "4",
        "weekday": "\u661f\u671f\u4e00"
      },
      {
        "date": "2016-12-06",
        "number": "11",
        "weekday": "\u661f\u671f\u4e8c"
      },
      {
        "date": "2016-12-07",
        "number": "6",
        "weekday": "\u661f\u671f\u4e09"
      },
      {
        "date": "2016-12-08",
        "number": "10",
        "weekday": "\u661f\u671f\u56db"
      },
      {
        "date": "2016-12-09",
        "number": "6",
        "weekday": "\u661f\u671f\u4e94"
      },
      {
        "date": "2016-12-10",
        "number": "9",
        "weekday": "\u661f\u671f\u516d"
      },
      {
        "date": "2016-12-11",
        "number": "10",
        "weekday": "\u661f\u671f\u65e5"
      },
      {
        "date": "2016-12-12",
        "number": "5",
        "weekday": "\u661f\u671f\u4e00"
      },
      {
        "date": "2016-12-13",
        "number": "7",
        "weekday": "\u661f\u671f\u4e8c"
      },
      {
        "date": "2016-12-14",
        "number": "6",
        "weekday": "\u661f\u671f\u4e09"
      },
      {
        "date": "2016-12-15",
        "number": "10",
        "weekday": "\u661f\u671f\u56db"
      },
      {
        "date": "2016-12-16",
        "number": "5",
        "weekday": "\u661f\u671f\u4e94"
      },
      {
        "date": "2016-12-17",
        "number": "10",
        "weekday": "\u661f\u671f\u516d"
      },
      {
        "date": "2016-12-18",
        "number": "7",
        "weekday": "\u661f\u671f\u65e5"
      },
      {
        "date": "2016-12-19",
        "number": "7",
        "weekday": "\u661f\u671f\u4e00"
      },
      {
        "date": "2016-12-20",
        "number": "5",
        "weekday": "\u661f\u671f\u4e8c"
      },
      {
        "date": "2016-12-21",
        "number": "11",
        "weekday": "\u661f\u671f\u4e09"
      },
      {
        "date": "2016-12-22",
        "number": "8",
        "weekday": "\u661f\u671f\u56db"
      },
      {
        "date": "2016-12-23",
        "number": "5",
        "weekday": "\u661f\u671f\u4e94"
      },
      {
        "date": "2016-12-24",
        "number": "14",
        "weekday": "\u661f\u671f\u516d"
      },
      {
        "date": "2016-12-26",
        "number": "5",
        "weekday": "\u661f\u671f\u4e00"
      },
      {
        "date": "2016-12-27",
        "number": "11",
        "weekday": "\u661f\u671f\u4e8c"
      },
      {
        "date": "2016-12-28",
        "number": "4",
        "weekday": "\u661f\u671f\u4e09"
      },
      {
        "date": "2016-12-29",
        "number": "10",
        "weekday": "\u661f\u671f\u56db"
      },
      {
        "date": "2016-12-30",
        "number": "6",
        "weekday": "\u661f\u671f\u4e94"
      },
      {
        "date": "2016-12-31",
        "number": "10",
        "weekday": "\u661f\u671f\u516d"
      },
      {
        "date": "2017-01-01",
        "number": "6",
        "weekday": "\u661f\u671f\u65e5"
      },
      {
        "date": "2017-01-02",
        "number": "5",
        "weekday": "\u661f\u671f\u4e00"
      },
      {
        "date": "2017-01-03",
        "number": "8",
        "weekday": "\u661f\u671f\u4e8c"
      },
      {
        "date": "2017-01-04",
        "number": "8",
        "weekday": "\u661f\u671f\u4e09"
      },
      {
        "date": "2017-01-05",
        "number": "7",
        "weekday": "\u661f\u671f\u56db"
      },
      {
        "date": "2017-01-06",
        "number": "8",
        "weekday": "\u661f\u671f\u4e94"
      },
      {
        "date": "2017-01-07",
        "number": "8",
        "weekday": "\u661f\u671f\u516d"
      },
      {
        "date": "2017-01-08",
        "number": "8",
        "weekday": "\u661f\u671f\u65e5"
      },
      {
        "date": "2017-01-09",
        "number": "8",
        "weekday": "\u661f\u671f\u4e00"
      },
      {
        "date": "2017-01-10",
        "number": "3",
        "weekday": "\u661f\u671f\u4e8c"
      },
      {
        "date": "2017-01-11",
        "number": "9",
        "weekday": "\u661f\u671f\u4e09"
      },
      {
        "date": "2017-01-12",
        "number": "6",
        "weekday": "\u661f\u671f\u56db"
      },
      {
        "date": "2017-01-13",
        "number": "6",
        "weekday": "\u661f\u671f\u4e94"
      },
      {
        "date": "2017-01-14",
        "number": "9",
        "weekday": "\u661f\u671f\u516d"
      },
      {
        "date": "2017-01-15",
        "number": "5",
        "weekday": "\u661f\u671f\u65e5"
      },
      {
        "date": "2017-01-16",
        "number": "7",
        "weekday": "\u661f\u671f\u4e00"
      },
      {
        "date": "2017-01-17",
        "number": "9",
        "weekday": "\u661f\u671f\u4e8c"
      },
      {
        "date": "2017-01-18",
        "number": "5",
        "weekday": "\u661f\u671f\u4e09"
      },
      {
        "date": "2017-01-19",
        "number": "9",
        "weekday": "\u661f\u671f\u56db"
      },
      {
        "date": "2017-01-20",
        "number": "5",
        "weekday": "\u661f\u671f\u4e94"
      },
      {
        "date": "2017-01-21",
        "number": "9",
        "weekday": "\u661f\u671f\u516d"
      },
      {
        "date": "2017-01-22",
        "number": "11",
        "weekday": "\u661f\u671f\u65e5"
      },
      {
        "date": "2017-01-23",
        "number": "4",
        "weekday": "\u661f\u671f\u4e00"
      },
      {
        "date": "2017-01-24",
        "number": "9",
        "weekday": "\u661f\u671f\u4e8c"
      },
      {
        "date": "2017-01-25",
        "number": "6",
        "weekday": "\u661f\u671f\u4e09"
      },
      {
        "date": "2017-01-26",
        "number": "10",
        "weekday": "\u661f\u671f\u56db"
      },
      {
        "date": "2017-01-27",
        "number": "4",
        "weekday": "\u661f\u671f\u4e94"
      },
      {
        "date": "2017-01-28",
        "number": "10",
        "weekday": "\u661f\u671f\u516d"
      },
      {
        "date": "2017-01-29",
        "number": "7",
        "weekday": "\u661f\u671f\u65e5"
      },
      {
        "date": "2017-01-30",
        "number": "8",
        "weekday": "\u661f\u671f\u4e00"
      },
      {
        "date": "2017-01-31",
        "number": "6",
        "weekday": "\u661f\u671f\u4e8c"
      },
      {
        "date": "2017-02-01",
        "number": "6",
        "weekday": "\u661f\u671f\u4e09"
      },
      {
        "date": "2017-02-02",
        "number": "12",
        "weekday": "\u661f\u671f\u56db"
      },
      {
        "date": "2017-02-03",
        "number": "4",
        "weekday": "\u661f\u671f\u4e94"
      },
      {
        "date": "2017-02-04",
        "number": "9",
        "weekday": "\u661f\u671f\u516d"
      },
      {
        "date": "2017-02-05",
        "number": "10",
        "weekday": "\u661f\u671f\u65e5"
      },
      {
        "date": "2017-02-06",
        "number": "3",
        "weekday": "\u661f\u671f\u4e00"
      },
      {
        "date": "2017-02-07",
        "number": "11",
        "weekday": "\u661f\u671f\u4e8c"
      },
      {
        "date": "2017-02-08",
        "number": "3",
        "weekday": "\u661f\u671f\u4e09"
      },
      {
        "date": "2017-02-09",
        "number": "12",
        "weekday": "\u661f\u671f\u56db"
      },
      {
        "date": "2017-02-10",
        "number": "5",
        "weekday": "\u661f\u671f\u4e94"
      },
      {
        "date": "2017-02-11",
        "number": "9",
        "weekday": "\u661f\u671f\u516d"
      },
      {
        "date": "2017-02-12",
        "number": "8",
        "weekday": "\u661f\u671f\u65e5"
      },
      {
        "date": "2017-02-13",
        "number": "4",
        "weekday": "\u661f\u671f\u4e00"
      },
      {
        "date": "2017-02-14",
        "number": "11",
        "weekday": "\u661f\u671f\u4e8c"
      },
      {
        "date": "2017-02-15",
        "number": "3",
        "weekday": "\u661f\u671f\u4e09"
      },
      {
        "date": "2017-02-16",
        "number": "14",
        "weekday": "\u661f\u671f\u56db"
      },
      {
        "date": "2017-02-17",
        "number": "2",
        "weekday": "\u661f\u671f\u4e94"
      },
      {
        "date": "2017-02-18",
        "number": "2",
        "weekday": "\u661f\u671f\u516d"
      },
      {
        "date": "2017-02-20",
        "number": "1",
        "weekday": "\u661f\u671f\u4e00"
      },
      {
        "date": "2017-02-24",
        "number": "6",
        "weekday": "\u661f\u671f\u4e94"
      },
      {
        "date": "2017-02-25",
        "number": "10",
        "weekday": "\u661f\u671f\u516d"
      },
      {
        "date": "2017-02-26",
        "number": "8",
        "weekday": "\u661f\u671f\u65e5"
      },
      {
        "date": "2017-02-27",
        "number": "8",
        "weekday": "\u661f\u671f\u4e00"
      },
      {
        "date": "2017-02-28",
        "number": "7",
        "weekday": "\u661f\u671f\u4e8c"
      },
      {
        "date": "2017-03-01",
        "number": "6",
        "weekday": "\u661f\u671f\u4e09"
      },
      {
        "date": "2017-03-02",
        "number": "11",
        "weekday": "\u661f\u671f\u56db"
      },
      {
        "date": "2017-03-03",
        "number": "3",
        "weekday": "\u661f\u671f\u4e94"
      },
      {
        "date": "2017-03-04",
        "number": "10",
        "weekday": "\u661f\u671f\u516d"
      },
      {
        "date": "2017-03-05",
        "number": "8",
        "weekday": "\u661f\u671f\u65e5"
      },
      {
        "date": "2017-03-06",
        "number": "7",
        "weekday": "\u661f\u671f\u4e00"
      },
      {
        "date": "2017-03-07",
        "number": "12",
        "weekday": "\u661f\u671f\u4e8c"
      },
      {
        "date": "2017-03-08",
        "number": "3",
        "weekday": "\u661f\u671f\u4e09"
      },
      {
        "date": "2017-03-09",
        "number": "11",
        "weekday": "\u661f\u671f\u56db"
      },
      {
        "date": "2017-03-10",
        "number": "5",
        "weekday": "\u661f\u671f\u4e94"
      },
      {
        "date": "2017-03-11",
        "number": "8",
        "weekday": "\u661f\u671f\u516d"
      },
      {
        "date": "2017-03-12",
        "number": "12",
        "weekday": "\u661f\u671f\u65e5"
      },
      {
        "date": "2017-03-13",
        "number": "6",
        "weekday": "\u661f\u671f\u4e00"
      },
      {
        "date": "2017-03-14",
        "number": "8",
        "weekday": "\u661f\u671f\u4e8c"
      },
      {
        "date": "2017-03-15",
        "number": "5",
        "weekday": "\u661f\u671f\u4e09"
      },
      {
        "date": "2017-03-16",
        "number": "10",
        "weekday": "\u661f\u671f\u56db"
      },
      {
        "date": "2017-03-17",
        "number": "6",
        "weekday": "\u661f\u671f\u4e94"
      },
      {
        "date": "2017-03-18",
        "number": "8",
        "weekday": "\u661f\u671f\u516d"
      },
      {
        "date": "2017-03-19",
        "number": "8",
        "weekday": "\u661f\u671f\u65e5"
      },
      {
        "date": "2017-03-20",
        "number": "8",
        "weekday": "\u661f\u671f\u4e00"
      },
      {
        "date": "2017-03-21",
        "number": "7",
        "weekday": "\u661f\u671f\u4e8c"
      },
      {
        "date": "2017-03-22",
        "number": "8",
        "weekday": "\u661f\u671f\u4e09"
      },
      {
        "date": "2017-03-23",
        "number": "8",
        "weekday": "\u661f\u671f\u56db"
      },
      {
        "date": "2017-03-24",
        "number": "5",
        "weekday": "\u661f\u671f\u4e94"
      },
      {
        "date": "2017-03-25",
        "number": "10",
        "weekday": "\u661f\u671f\u516d"
      },
      {
        "date": "2017-03-26",
        "number": "5",
        "weekday": "\u661f\u671f\u65e5"
      },
      {
        "date": "2017-03-27",
        "number": "10",
        "weekday": "\u661f\u671f\u4e00"
      },
      {
        "date": "2017-03-28",
        "number": "6",
        "weekday": "\u661f\u671f\u4e8c"
      },
      {
        "date": "2017-03-29",
        "number": "8",
        "weekday": "\u661f\u671f\u4e09"
      },
      {
        "date": "2017-03-30",
        "number": "10",
        "weekday": "\u661f\u671f\u56db"
      },
      {
        "date": "2017-03-31",
        "number": "5",
        "weekday": "\u661f\u671f\u4e94"
      },
      {
        "date": "2017-04-01",
        "number": "11",
        "weekday": "\u661f\u671f\u516d"
      },
      {
        "date": "2017-04-02",
        "number": "5",
        "weekday": "\u661f\u671f\u65e5"
      },
      {
        "date": "2017-04-03",
        "number": "12",
        "weekday": "\u661f\u671f\u4e00"
      },
      {
        "date": "2017-04-05",
        "number": "11",
        "weekday": "\u661f\u671f\u4e09"
      },
      {
        "date": "2017-04-06",
        "number": "8",
        "weekday": "\u661f\u671f\u56db"
      },
      {
        "date": "2017-04-07",
        "number": "6",
        "weekday": "\u661f\u671f\u4e94"
      },
      {
        "date": "2017-04-08",
        "number": "9",
        "weekday": "\u661f\u671f\u516d"
      },
      {
        "date": "2017-04-09",
        "number": "8",
        "weekday": "\u661f\u671f\u65e5"
      },
      {
        "date": "2017-04-10",
        "number": "7",
        "weekday": "\u661f\u671f\u4e00"
      },
      {
        "date": "2017-04-11",
        "number": "9",
        "weekday": "\u661f\u671f\u4e8c"
      },
      {
        "date": "2017-04-12",
        "number": "5",
        "weekday": "\u661f\u671f\u4e09"
      },
      {
        "date": "2017-04-13",
        "number": "14",
        "weekday": "\u661f\u671f\u56db"
      }
    ]
  },
  "version": "bcfc36f8cbdd038cc7f258e951a70aa2"
}